{
	"credit": "by TheUran",
	"texture_size": [32, 32],
	"textures": {
		"2": "block/suitcase_blue",
		"particle": "block/suitcase_blue"
	},
	"elements": [
		{
			"from": [4, 1, 5],
			"to": [14, 15, 12],
			"faces": {
				"north": {"uv": [0, 0.5, 5, 7], "texture": "#2"},
				"east": {"uv": [0, 7, 3.5, 13.5], "texture": "#2"},
				"south": {"uv": [5, 0.5, 10, 7], "texture": "#2"},
				"west": {"uv": [3.5, 7, 7, 13.5], "texture": "#2"},
				"up": {"uv": [12, 10.5, 7, 7], "texture": "#2"},
				"down": {"uv": [15, 0, 10, 3.5], "texture": "#2"}
			}
		},
		{
			"from": [13, 6.5, 8],
			"to": [13, 8.5, 9],
			"rotation": {"angle": 45, "axis": "z", "origin": [14, 9.5, 8.5]},
			"faces": {
				"north": {"uv": [0, 0, 0, 1], "texture": "#2"},
				"east": {"uv": [9, 13, 9.5, 13.5], "texture": "#2"},
				"south": {"uv": [0, 0, 0, 1], "texture": "#2"},
				"west": {"uv": [9.5, 13, 10, 13.5], "texture": "#2"},
				"up": {"uv": [0, 0.5, 0, 0], "texture": "#2"},
				"down": {"uv": [0, 0, 0, 0.5], "texture": "#2"}
			}
		},
		{
			"from": [11, 15, 11],
			"to": [12, 20, 12],
			"faces": {
				"north": {"uv": [7, 10.5, 7.5, 13], "texture": "#2"},
				"east": {"uv": [7.5, 10.5, 8, 12.5], "texture": "#2"},
				"south": {"uv": [8, 10.5, 8.5, 13], "texture": "#2"},
				"west": {"uv": [8.5, 10.5, 9, 12.5], "texture": "#2"},
				"up": {"uv": [10.5, 13.5, 10, 13], "texture": "#2"},
				"down": {"uv": [11, 13, 10.5, 13.5], "texture": "#2"}
			}
		},
		{
			"from": [6, 15, 11],
			"to": [7, 20, 12],
			"faces": {
				"north": {"uv": [9, 10.5, 9.5, 13], "texture": "#2"},
				"east": {"uv": [9.5, 10.5, 10, 12.5], "texture": "#2"},
				"south": {"uv": [10, 10.5, 10.5, 13], "texture": "#2"},
				"west": {"uv": [10.5, 10.5, 11, 12.5], "texture": "#2"},
				"up": {"uv": [13.5, 11.5, 13, 11], "texture": "#2"},
				"down": {"uv": [13.5, 11.5, 13, 12], "texture": "#2"}
			}
		},
		{
			"from": [7, 19, 11],
			"to": [11, 20, 12],
			"faces": {
				"north": {"uv": [10, 6.5, 12, 7], "texture": "#2"},
				"east": {"uv": [13.5, 12, 14, 12], "texture": "#2"},
				"south": {"uv": [12, 9.5, 14, 10], "texture": "#2"},
				"west": {"uv": [12.5, 13.5, 13, 13.5], "texture": "#2"},
				"up": {"uv": [14, 10.5, 12, 10], "texture": "#2"},
				"down": {"uv": [14, 10.5, 12, 11], "texture": "#2"}
			}
		},
		{
			"from": [6, 15, 9],
			"to": [12, 16, 10],
			"faces": {
				"north": {"uv": [10, 3.5, 13, 4], "texture": "#2"},
				"east": {"uv": [13.5, 12.5, 14, 12.5], "texture": "#2"},
				"south": {"uv": [10, 4, 13, 4.5], "texture": "#2"},
				"west": {"uv": [13, 13.5, 13.5, 13.5], "texture": "#2"},
				"up": {"uv": [13, 5, 10, 4.5], "texture": "#2"},
				"down": {"uv": [13, 5, 10, 5.5], "texture": "#2"}
			}
		},
		{
			"from": [14, 12, 6],
			"to": [15, 14, 8],
			"faces": {
				"north": {"uv": [12, 11, 12.5, 12], "texture": "#2"},
				"east": {"uv": [10, 5.5, 11, 6], "texture": "#2"},
				"south": {"uv": [12, 12, 12.5, 13], "texture": "#2"},
				"west": {"uv": [11, 5.5, 12, 6], "texture": "#2"},
				"up": {"uv": [11.5, 13.5, 11, 12.5], "texture": "#2"},
				"down": {"uv": [13, 11, 12.5, 12], "texture": "#2"}
			}
		},
		{
			"from": [14, 12, 9],
			"to": [15, 14, 11],
			"faces": {
				"north": {"uv": [11.5, 12.5, 12, 13.5], "texture": "#2"},
				"east": {"uv": [11, 10.5, 12, 11], "texture": "#2"},
				"south": {"uv": [12.5, 12, 13, 13], "texture": "#2"},
				"west": {"uv": [11, 11.5, 12, 12], "texture": "#2"},
				"up": {"uv": [13.5, 4.5, 13, 3.5], "texture": "#2"},
				"down": {"uv": [13.5, 4.5, 13, 5.5], "texture": "#2"}
			}
		},
		{
			"from": [14, 2, 9],
			"to": [15, 4, 11],
			"faces": {
				"north": {"uv": [13, 5.5, 13.5, 6.5], "texture": "#2"},
				"east": {"uv": [12, 5.5, 13, 6], "texture": "#2"},
				"south": {"uv": [13, 6.5, 13.5, 7.5], "texture": "#2"},
				"west": {"uv": [12, 6.5, 13, 7], "texture": "#2"},
				"up": {"uv": [7.5, 14, 7, 13], "texture": "#2"},
				"down": {"uv": [8, 13, 7.5, 14], "texture": "#2"}
			}
		},
		{
			"from": [14, 2, 6],
			"to": [15, 4, 8],
			"faces": {
				"north": {"uv": [13, 7.5, 13.5, 8.5], "texture": "#2"},
				"east": {"uv": [12, 7.5, 13, 8], "texture": "#2"},
				"south": {"uv": [8, 13, 8.5, 14], "texture": "#2"},
				"west": {"uv": [12, 8.5, 13, 9], "texture": "#2"},
				"up": {"uv": [9, 14, 8.5, 13], "texture": "#2"},
				"down": {"uv": [13.5, 8.5, 13, 9.5], "texture": "#2"}
			}
		},
		{
			"from": [13, 0, 5],
			"to": [14, 1, 6],
			"faces": {
				"north": {"uv": [12, 13, 12.5, 13.5], "texture": "#2"},
				"east": {"uv": [13, 12, 13.5, 12], "texture": "#2"},
				"south": {"uv": [12.5, 13, 13, 13.5], "texture": "#2"},
				"west": {"uv": [13, 12.5, 13.5, 12.5], "texture": "#2"},
				"up": {"uv": [13.5, 13.5, 13, 13], "texture": "#2"},
				"down": {"uv": [14, 3.5, 13.5, 4], "texture": "#2"}
			}
		},
		{
			"from": [4, 0, 5],
			"to": [5, 1, 6],
			"faces": {
				"north": {"uv": [13.5, 4, 14, 4.5], "texture": "#2"},
				"east": {"uv": [13.5, 4.5, 14, 4.5], "texture": "#2"},
				"south": {"uv": [13.5, 5, 14, 5.5], "texture": "#2"},
				"west": {"uv": [13.5, 5.5, 14, 5.5], "texture": "#2"},
				"up": {"uv": [14, 6.5, 13.5, 6], "texture": "#2"},
				"down": {"uv": [14, 6.5, 13.5, 7], "texture": "#2"}
			}
		},
		{
			"from": [4, 0, 11],
			"to": [5, 1, 12],
			"faces": {
				"north": {"uv": [13.5, 7, 14, 7.5], "texture": "#2"},
				"east": {"uv": [13.5, 7.5, 14, 7.5], "texture": "#2"},
				"south": {"uv": [13.5, 8, 14, 8.5], "texture": "#2"},
				"west": {"uv": [13.5, 8.5, 14, 8.5], "texture": "#2"},
				"up": {"uv": [14, 9.5, 13.5, 9], "texture": "#2"},
				"down": {"uv": [10.5, 13.5, 10, 14], "texture": "#2"}
			}
		},
		{
			"from": [13, 0, 11],
			"to": [14, 1, 12],
			"faces": {
				"north": {"uv": [10.5, 13.5, 11, 14], "texture": "#2"},
				"east": {"uv": [11, 13.5, 11.5, 13.5], "texture": "#2"},
				"south": {"uv": [13.5, 11, 14, 11.5], "texture": "#2"},
				"west": {"uv": [11.5, 13.5, 12, 13.5], "texture": "#2"},
				"up": {"uv": [14, 12, 13.5, 11.5], "texture": "#2"},
				"down": {"uv": [12.5, 13.5, 12, 14], "texture": "#2"}
			}
		}
	],
	"display": {
		"thirdperson_righthand": {
			"rotation": [90, 0, 0],
			"translation": [-1, 2, -10.25]
		},
		"thirdperson_lefthand": {
			"rotation": [90, 0, 0],
			"translation": [1, 2, -10.25]
		},
		"firstperson_righthand": {
			"translation": [-3.25, -0.5, 0],
			"scale": [0.8, 0.8, 0.8]
		},
		"firstperson_lefthand": {
			"translation": [-1.5, -0.5, 0],
			"scale": [0.8, 0.8, 0.8]
		},
		"ground": {
			"rotation": [90, 0, 0],
			"translation": [0, 0.25, 0]
		},
		"gui": {
			"rotation": [-167.2, 35.74, -174.1],
			"translation": [0, -1, 0],
			"scale": [0.8, 0.8, 0.8]
		},
		"head": {
			"translation": [-1, 15, -0.5]
		},
		"fixed": {
			"translation": [-0.5, -1.75, -3.25],
			"scale": [0.9, 0.9, 0.9]
		}
	}
}